[
  {
    "_id": "62f59d250c8cbe3cfcefdaaa",
    "index": 0,
    "guid": "2164397d-b4f5-4cbb-afc1-0a27217c4668",
    "isActive": true,
    "balance": "$1,334.95",
    "picture": "http://placehold.it/32x32",
    "age": 39,
    "eyeColor": "green",
    "name": "Lidia Ewing",
    "gender": "female",
    "company": "VISUALIX",
    "email": "lidiaewing@visualix.com",
    "phone": "+1 (860) 430-3249",
    "address": "885 Sumpter Street, Germanton, Nebraska, 8361",
    "about": "Incididunt pariatur labore aute eu in duis cillum exercitation dolor voluptate consectetur labore velit est. Pariatur id minim proident ad Lorem esse aute enim incididunt Lorem adipisicing nostrud adipisicing ex. Cillum quis minim enim amet non ex mollit. In reprehenderit sint sint nostrud nostrud excepteur commodo excepteur. Esse pariatur pariatur officia non cupidatat esse sint et elit occaecat aliqua nostrud sunt. Quis eu laborum qui tempor adipisicing sint. Magna labore amet commodo velit aliqua id consectetur consequat magna ad elit.\r\n",
    "registered": "2022-07-07T05:58:00 -07:00",
    "latitude": -71.858404,
    "longitude": 77.429895,
    "tags": [
      "Lorem",
      "nostrud",
      "commodo",
      "esse",
      "culpa",
      "nisi",
      "officia"
    ],
    "friends": [
      {
        "id": 0,
        "name": "Yvonne Hebert"
      },
      {
        "id": 1,
        "name": "Minnie Acevedo"
      },
      {
        "id": 2,
        "name": "Eleanor Porter"
      }
    ],
    "greeting": "Hello, Lidia Ewing! You have 8 unread messages.",
    "favoriteFruit": "strawberry"
  },
  {
    "_id": "62f59d25790663247bd00234",
    "index": 1,
    "guid": "4b3d61b0-9a20-422e-9928-3a4aedc3a55d",
    "isActive": true,
    "balance": "$1,257.57",
    "picture": "http://placehold.it/32x32",
    "age": 24,
    "eyeColor": "blue",
    "name": "Bradford Wilder",
    "gender": "male",
    "company": "SOLAREN",
    "email": "bradfordwilder@solaren.com",
    "phone": "+1 (888) 526-2162",
    "address": "831 Coles Street, Garnet, South Carolina, 7544",
    "about": "Cillum aliquip id dolor tempor velit deserunt cupidatat. Esse et Lorem consectetur commodo ullamco duis. Anim Lorem aliqua exercitation duis ea dolor cillum enim. Enim commodo velit non commodo mollit qui minim do eu aliquip. Aute et occaecat elit nostrud sunt ea commodo enim non cupidatat magna commodo fugiat.\r\n",
    "registered": "2014-04-05T10:12:36 -07:00",
    "latitude": 19.792661,
    "longitude": 147.72399,
    "tags": [
      "occaecat",
      "aliqua",
      "mollit",
      "consequat",
      "mollit",
      "mollit",
      "sunt"
    ],
    "friends": [
      {
        "id": 0,
        "name": "Heath Briggs"
      },
      {
        "id": 1,
        "name": "Marci Meyers"
      },
      {
        "id": 2,
        "name": "Cathryn Huber"
      }
    ],
    "greeting": "Hello, Bradford Wilder! You have 7 unread messages.",
    "favoriteFruit": "strawberry"
  },
  {
    "_id": "62f59d25f9e323cbda94c47e",
    "index": 2,
    "guid": "e65d5637-d316-42fb-ac42-64c39e9c90da",
    "isActive": true,
    "balance": "$1,804.75",
    "picture": "http://placehold.it/32x32",
    "age": 40,
    "eyeColor": "blue",
    "name": "Bridgett Wiley",
    "gender": "female",
    "company": "ZENTILITY",
    "email": "bridgettwiley@zentility.com",
    "phone": "+1 (942) 546-3673",
    "address": "851 Engert Avenue, Troy, Mississippi, 7608",
    "about": "Est labore cillum exercitation incididunt ex elit ipsum. Occaecat quis ea officia aute occaecat cupidatat cillum magna ex. Incididunt ex ad labore excepteur Lorem ea.\r\n",
    "registered": "2018-04-11T02:40:12 -07:00",
    "latitude": 66.010085,
    "longitude": 170.461008,
    "tags": [
      "excepteur",
      "nisi",
      "dolore",
      "tempor",
      "cillum",
      "quis",
      "officia"
    ],
    "friends": [
      {
        "id": 0,
        "name": "Sullivan Carrillo"
      },
      {
        "id": 1,
        "name": "Edwina Larsen"
      },
      {
        "id": 2,
        "name": "Conner Duffy"
      }
    ],
    "greeting": "Hello, Bridgett Wiley! You have 4 unread messages.",
    "favoriteFruit": "banana"
  },
  {
    "_id": "62f59d25b437c2c9ff4c1da6",
    "index": 3,
    "guid": "f33f1416-e0ed-47cd-9b6b-bd19db33596f",
    "isActive": true,
    "balance": "$3,596.33",
    "picture": "http://placehold.it/32x32",
    "age": 39,
    "eyeColor": "green",
    "name": "Christine Parsons",
    "gender": "female",
    "company": "BITENDREX",
    "email": "christineparsons@bitendrex.com",
    "phone": "+1 (984) 521-3674",
    "address": "450 Lefferts Avenue, Sylvanite, Colorado, 3567",
    "about": "Duis ipsum aliqua laboris ipsum aliquip incididunt ut. Ut fugiat sunt veniam dolore incididunt et. Pariatur nostrud nisi voluptate est consectetur sint et culpa do. Aliqua minim consectetur tempor deserunt culpa. Fugiat pariatur enim excepteur ea id mollit. Veniam amet duis amet adipisicing exercitation in dolor dolor adipisicing deserunt officia et officia.\r\n",
    "registered": "2017-02-27T09:06:46 -07:00",
    "latitude": -23.470129,
    "longitude": -160.790318,
    "tags": [
      "minim",
      "consectetur",
      "cupidatat",
      "aliquip",
      "cupidatat",
      "esse",
      "est"
    ],
    "friends": [
      {
        "id": 0,
        "name": "Laura Crawford"
      },
      {
        "id": 1,
        "name": "Finley Carver"
      },
      {
        "id": 2,
        "name": "Kaitlin Gutierrez"
      }
    ],
    "greeting": "Hello, Christine Parsons! You have 2 unread messages.",
    "favoriteFruit": "banana"
  },
  {
    "_id": "62f59d2570b80964ddeadd3b",
    "index": 4,
    "guid": "fe01e0ca-7e85-4c13-95bc-341940fc63ca",
    "isActive": true,
    "balance": "$3,461.91",
    "picture": "http://placehold.it/32x32",
    "age": 28,
    "eyeColor": "brown",
    "name": "Doreen Peterson",
    "gender": "female",
    "company": "PLAYCE",
    "email": "doreenpeterson@playce.com",
    "phone": "+1 (838) 413-2223",
    "address": "215 Portal Street, Oberlin, Connecticut, 9019",
    "about": "Cillum minim labore commodo eiusmod cillum adipisicing sint. Aute id labore sint ex voluptate pariatur aliqua dolore occaecat. Magna sint elit anim pariatur dolore aliquip est dolor dolor ex nisi non occaecat ad. Dolor fugiat consectetur sint in eiusmod ut. Culpa incididunt et anim duis aute voluptate est velit elit magna reprehenderit. Laboris sunt dolore eiusmod eiusmod magna incididunt.\r\n",
    "registered": "2018-09-07T11:49:17 -07:00",
    "latitude": -72.288579,
    "longitude": 140.14587,
    "tags": [
      "et",
      "do",
      "commodo",
      "sit",
      "esse",
      "id",
      "consequat"
    ],
    "friends": [
      {
        "id": 0,
        "name": "Henry Kidd"
      },
      {
        "id": 1,
        "name": "Olivia Goff"
      },
      {
        "id": 2,
        "name": "Leanne Hines"
      }
    ],
    "greeting": "Hello, Doreen Peterson! You have 6 unread messages.",
    "favoriteFruit": "banana"
  },
  {
    "_id": "62f59d25510340483a99ffc3",
    "index": 5,
    "guid": "6e5ba125-6ba8-4dfb-9354-1973bb2cb275",
    "isActive": true,
    "balance": "$3,962.87",
    "picture": "http://placehold.it/32x32",
    "age": 27,
    "eyeColor": "brown",
    "name": "Lizzie Freeman",
    "gender": "female",
    "company": "SECURIA",
    "email": "lizziefreeman@securia.com",
    "phone": "+1 (834) 552-2465",
    "address": "610 Nova Court, Newry, North Dakota, 7406",
    "about": "Consectetur sunt anim magna in dolore cillum laborum occaecat magna cillum ut sit cillum consequat. Ex ut proident eiusmod quis ad occaecat reprehenderit sint laborum nostrud. Culpa sunt incididunt et excepteur eiusmod Lorem laborum duis. Proident non nisi ex eu. Excepteur pariatur enim ad exercitation ea id officia eu laborum laborum tempor non ex qui. Tempor esse incididunt sunt id.\r\n",
    "registered": "2018-10-18T01:32:40 -07:00",
    "latitude": 19.125511,
    "longitude": 53.276296,
    "tags": [
      "aute",
      "laboris",
      "non",
      "amet",
      "nostrud",
      "velit",
      "elit"
    ],
    "friends": [
      {
        "id": 0,
        "name": "Lara Hendrix"
      },
      {
        "id": 1,
        "name": "Jeannie Cantu"
      },
      {
        "id": 2,
        "name": "Lilia Cantrell"
      }
    ],
    "greeting": "Hello, Lizzie Freeman! You have 10 unread messages.",
    "favoriteFruit": "apple"
  }
]