[
  {  
	"name" : "Facom Flutter",
	"version" : "1.0.0",
	"deskripsi" : "Tambah Assets",
    "_id": "62f7517a0e42238d07f89ace",
    "index": 0,
    "guid": "ebc2af0f-89cd-4bc6-a681-e87530d471eb",
    "isActive": true,
    "balance": "$3,211.17",
    "picture": "http://placehold.it/32x32",
    "age": 34,
    "eyeColor": "green",
    "gender": "male",
    "company": "EURON",
    "email": "harrelljenkins@euron.com",
    "phone": "+1 (835) 488-2405",
    "address": "148 Louisiana Avenue, Ripley, Kansas, 6723",
    "about": "Excepteur adipisicing laboris commodo aliqua elit excepteur magna excepteur id. Adipisicing dolor voluptate qui irure. Et minim laboris magna occaecat aliquip laborum. Ut fugiat tempor occaecat minim minim proident anim minim exercitation.\r\n",
    "registered": "2020-07-09T10:12:26 -07:00",
    "latitude": -62.642186,
    "longitude": -26.70993,
    "tags": [
      "duis",
      "nulla",
      "non",
      "tempor",
      "reprehenderit",
      "occaecat",
      "dolor"
    ],
    "friends": [
      {
        "id": 0,
        "name": "Manuela Holden"
      },
      {
        "id": 1,
        "name": "Berger Hardin"
      },
      {
        "id": 2,
        "name": "Brooke Garcia"
      }
    ],
    "greeting": "Hello, Harrell Jenkins! You have 10 unread messages.",
    "favoriteFruit": "strawberry"
  },
  {
    "_id": "62f7517a566f244f5d49dac2",
    "index": 1,
    "guid": "690c9e5c-0ba2-4036-8a35-31763d1cac02",
    "isActive": false,
    "balance": "$2,038.70",
    "picture": "http://placehold.it/32x32",
    "age": 20,
    "eyeColor": "brown",
    "name": "Rosa Barr",
    "gender": "female",
    "company": "UPDAT",
    "email": "rosabarr@updat.com",
    "phone": "+1 (977) 588-3145",
    "address": "606 Bayard Street, Falconaire, Connecticut, 3905",
    "about": "Ipsum voluptate sit aute culpa elit. Reprehenderit ipsum labore nulla non elit sit eiusmod aliqua sit exercitation tempor duis. Proident ex sit anim incididunt exercitation. Do proident eiusmod nostrud cillum ad ex pariatur exercitation amet labore. Id pariatur duis esse consequat reprehenderit sint. Officia aliqua pariatur non deserunt amet veniam consequat nostrud.\r\n",
    "registered": "2019-07-08T03:26:04 -07:00",
    "latitude": 6.063972,
    "longitude": 28.380335,
    "tags": [
      "voluptate",
      "fugiat",
      "ipsum",
      "est",
      "labore",
      "nulla",
      "nulla"
    ],
    "friends": [
      {
        "id": 0,
        "name": "Fitzgerald Mcdaniel"
      },
      {
        "id": 1,
        "name": "Myrtle Wiggins"
      },
      {
        "id": 2,
        "name": "Juarez Manning"
      }
    ],
    "greeting": "Hello, Rosa Barr! You have 6 unread messages.",
    "favoriteFruit": "apple"
  },
  {
    "_id": "62f7517a5b898b220b9e8c61",
    "index": 2,
    "guid": "40148cee-a986-48bb-989e-867eb943ca8e",
    "isActive": true,
    "balance": "$2,339.27",
    "picture": "http://placehold.it/32x32",
    "age": 23,
    "eyeColor": "green",
    "name": "Stanton Tyson",
    "gender": "male",
    "company": "ETERNIS",
    "email": "stantontyson@eternis.com",
    "phone": "+1 (991) 593-3293",
    "address": "977 Chester Avenue, Rosburg, Guam, 1617",
    "about": "Proident est voluptate do enim ea nostrud qui veniam irure aliqua irure in adipisicing esse. Aute exercitation aute proident exercitation quis aute. Do deserunt magna ex culpa reprehenderit in est. Consectetur consectetur Lorem in non exercitation quis fugiat cupidatat cupidatat exercitation esse.\r\n",
    "registered": "2017-06-25T11:51:21 -07:00",
    "latitude": 79.808716,
    "longitude": -162.672757,
    "tags": [
      "enim",
      "amet",
      "ad",
      "veniam",
      "velit",
      "est",
      "ea"
    ],
    "friends": [
      {
        "id": 0,
        "name": "Deanne David"
      },
      {
        "id": 1,
        "name": "Beth Craig"
      },
      {
        "id": 2,
        "name": "Margo Lambert"
      }
    ],
    "greeting": "Hello, Stanton Tyson! You have 1 unread messages.",
    "favoriteFruit": "apple"
  },
  {
    "_id": "62f7517aca8b9db84db7fb16",
    "index": 3,
    "guid": "fa07ed5d-08eb-4a4a-af51-cd81efb66676",
    "isActive": true,
    "balance": "$3,989.34",
    "picture": "http://placehold.it/32x32",
    "age": 20,
    "eyeColor": "brown",
    "name": "Cornelia Martinez",
    "gender": "female",
    "company": "OVOLO",
    "email": "corneliamartinez@ovolo.com",
    "phone": "+1 (902) 430-3921",
    "address": "164 Harbor Lane, Brecon, Maryland, 1180",
    "about": "Proident occaecat cupidatat voluptate aliqua deserunt culpa nulla. Velit duis exercitation do deserunt. Do aliquip eiusmod deserunt commodo aute magna nostrud laborum irure in sint eiusmod veniam. Qui enim cillum incididunt consectetur enim reprehenderit deserunt aliqua ut dolor.\r\n",
    "registered": "2020-03-09T11:16:29 -07:00",
    "latitude": -59.930343,
    "longitude": -34.387466,
    "tags": [
      "proident",
      "pariatur",
      "excepteur",
      "irure",
      "dolor",
      "occaecat",
      "tempor"
    ],
    "friends": [
      {
        "id": 0,
        "name": "Marlene Cummings"
      },
      {
        "id": 1,
        "name": "Parrish Cole"
      },
      {
        "id": 2,
        "name": "Good Walsh"
      }
    ],
    "greeting": "Hello, Cornelia Martinez! You have 10 unread messages.",
    "favoriteFruit": "strawberry"
  },
  {
    "_id": "62f7517aaa47ff2eda9a271c",
    "index": 4,
    "guid": "00007951-5b5a-40d6-b1b2-daabe93a0e84",
    "isActive": false,
    "balance": "$3,234.18",
    "picture": "http://placehold.it/32x32",
    "age": 35,
    "eyeColor": "brown",
    "name": "Wilcox Morin",
    "gender": "male",
    "company": "GEEKOL",
    "email": "wilcoxmorin@geekol.com",
    "phone": "+1 (861) 409-3258",
    "address": "303 Overbaugh Place, Umapine, Vermont, 9688",
    "about": "Laborum elit excepteur non eu exercitation aliquip. Cillum dolor aliqua culpa ullamco culpa aliquip. Sint duis cupidatat nulla ullamco proident aliqua culpa proident. Ullamco voluptate in laborum minim et mollit quis pariatur occaecat dolore ipsum. Commodo non consectetur aute fugiat tempor laboris cillum ea cillum amet consequat sunt id ipsum. Mollit ipsum dolore nisi cupidatat ea irure cillum.\r\n",
    "registered": "2018-01-11T04:44:07 -07:00",
    "latitude": -24.967886,
    "longitude": 35.88863,
    "tags": [
      "dolore",
      "quis",
      "minim",
      "labore",
      "qui",
      "sunt",
      "ut"
    ],
    "friends": [
      {
        "id": 0,
        "name": "Debra Rutledge"
      },
      {
        "id": 1,
        "name": "Eloise Willis"
      },
      {
        "id": 2,
        "name": "Natalia Cervantes"
      }
    ],
    "greeting": "Hello, Wilcox Morin! You have 4 unread messages.",
    "favoriteFruit": "banana"
  }
]